,train,validation
1,0.9997945427894592,0.8721439838409424
2,0.9997950196266174,0.8721439838409424
