,train,validation
1,0.9997475743293762,0.971679151058197
2,0.9997473359107971,0.971679151058197
